{"cameraMode":{"drawMode":0,"name":"Shaded","section":"Shading Mode"},"sceneLighting":false,"audioPlay":false,"sceneViewState":{"showFog":true,"showMaterialUpdate":false,"showSkybox":false,"showFlares":true,"showImageEffects":true,"showParticleSystems":true,"showVisualEffectGraphs":true,"m_FxEnabled":true},"in2DMode":false,"pivot":{"x":1.3504447937011719,"y":2.7052111625671388,"z":-0.7046228051185608},"rotation":{"x":0.12715314328670503,"y":0.005951333791017532,"z":-0.0007629900937899947,"w":0.9918686747550964},"size":0.8619892597198486,"orthographic":false}