{"cameraMode":{"drawMode":0,"name":"Shaded","section":"Shading Mode"},"sceneLighting":false,"audioPlay":false,"sceneViewState":{"showFog":true,"showMaterialUpdate":false,"showSkybox":false,"showFlares":true,"showImageEffects":true,"showParticleSystems":true,"showVisualEffectGraphs":true,"m_FxEnabled":true},"in2DMode":false,"pivot":{"x":-3.949151039123535,"y":2.6303296089172365,"z":-0.7123555541038513},"rotation":{"x":0.12715314328670503,"y":0.005951333791017532,"z":-0.0007629900937899947,"w":0.9918686747550964},"size":0.871934175491333,"orthographic":false}